,precision,recall,f1-score,support
0,0.9737750172532781,0.9771468144044322,0.9754580020739717,1444.0
1,0.9632224168126094,0.9482758620689655,0.9556907037358818,1160.0
2,0.9689703808180536,0.9870689655172413,0.9779359430604982,696.0
accuracy,0.9690909090909091,0.9690909090909091,0.9690909090909091,0.9690909090909091
macro avg,0.968655938294647,0.970830547330213,0.9696948829567839,3300.0
weighted avg,0.9690522768077957,0.9690909090909091,0.9690321174844077,3300.0
